stationSheet,day,weekday,depot,arrivalTrainNumber,arrivalRoute,arrivalAstanaStop,arrivalAstanaTime,arrivalBindingTime,departureTrainNumber,departureRoute,departureAstanaStop,departureAstanaTime,departureBindingTime,dwellMinutes,dwellHours,matchType
Алматы,21,вс,ТЧЭ,106,Петропавловск - Алматы 2,Астана-1,04:24,22:58,105,,,,23:05,2887,48.12,arrival_only
Алматы,23,вт,ТЧЭ,106,Петропавловск - Алматы 2,Астана-1,04:24,22:58,105,,,,23:05,2887,48.12,arrival_only
Алматы,27,сб,ТЧЭ,106,Петропавловск - Алматы 2,Астана-1,04:24,22:58,105,,,,23:05,2887,48.12,arrival_only
Алматы,29,пн,ТЧЭ,106,Петропавловск - Алматы 2,Астана-1,04:24,22:58,105,,,,23:05,2887,48.12,arrival_only
Тобол,18,чт,ТЧЭ,081,Нурлы жол - Орал,Нурлы жол,23:55,09:57,082,Орал - Нурлы жол,Астана-1,15:02,05:24,2607,43.45,paired
Тобол,20,сб,ТЧЭ,081,Нурлы жол - Орал,Нурлы жол,23:55,09:57,082,Орал - Нурлы жол,Астана-1,15:02,05:24,2607,43.45,paired
Тобол,22,пн,ТЧЭ,081,Нурлы жол - Орал,Нурлы жол,23:55,09:57,082,Орал - Нурлы жол,Астана-1,15:02,05:24,2607,43.45,paired
Тобол,24,ср,ТЧЭ,081,Нурлы жол - Орал,Нурлы жол,23:55,09:57,082,Орал - Нурлы жол,Астана-1,15:02,05:24,2607,43.45,paired
Тобол,26,пт,ТЧЭ,081,Нурлы жол - Орал,Нурлы жол,23:55,09:57,082,Орал - Нурлы жол,Астана-1,15:02,05:24,2607,43.45,paired
Тобол,28,вс,ТЧЭ,081,Нурлы жол - Орал,Нурлы жол,23:55,09:57,082,Орал - Нурлы жол,Астана-1,15:02,05:24,2607,43.45,paired
Тобол,30,вт,ТЧЭ,081,Нурлы жол - Орал,Нурлы жол,23:55,09:57,082,Орал - Нурлы жол,Астана-1,15:02,05:24,2607,43.45,paired
Жана-Есиль,15,пн,ТЧЭ,,,,,,048,Нурлы жол - Атырау,Нурлы жол,23:49,03:59,1414,23.57,departure_only
Жана-Есиль,19,пт,ТЧЭ,,,,,,048,Нурлы жол - Атырау,Нурлы жол,23:49,03:59,1414,23.57,departure_only
Жана-Есиль,21,вс,ТЧЭ,,,,,,048,Нурлы жол - Атырау,Нурлы жол,23:49,03:59,1414,23.57,departure_only
Жана-Есиль,23,вт,ТЧЭ,,,,,,048,Нурлы жол - Атырау,Нурлы жол,23:49,03:59,1414,23.57,departure_only
Жана-Есиль,25,чт,ТЧЭ,,,,,,048,Нурлы жол - Атырау,Нурлы жол,23:49,03:59,1414,23.57,departure_only
Жана-Есиль,27,сб,ТЧЭ,,,,,,048,Нурлы жол - Атырау,Нурлы жол,23:49,03:59,1414,23.57,departure_only
Жана-Есиль,29,пн,ТЧЭ,,,,,,048,Нурлы жол - Атырау,Нурлы жол,23:49,03:59,1414,23.57,departure_only
Жана-Есиль,31,ср,ТЧЭ,,,,,,048,Нурлы жол - Атырау,Нурлы жол,23:49,03:59,1414,23.57,departure_only
Жана-Есиль,2,пн,ТЧЭ,,,,,,048,Нурлы жол - Атырау,Нурлы жол,23:49,03:59,1414,23.57,departure_only
Есиль,13,сб,ТЧЭ,655,Нурлы жол - Аркалык,Нурлы жол,19:18,03:42,656,Аркалык - Нурлы жол,Астана-1,08:01,23:53,1211,20.18,paired
Есиль,14,вс,ТЧЭ,655,Нурлы жол - Аркалык,Нурлы жол,19:18,03:42,656,Аркалык - Нурлы жол,Астана-1,08:01,23:53,1211,20.18,paired
Есиль,15,пн,ТЧЭ,655,Нурлы жол - Аркалык,Нурлы жол,19:18,03:42,656,Аркалык - Нурлы жол,Астана-1,08:01,23:53,1211,20.18,paired
Есиль,16,вт,ТЧЭ,655,Нурлы жол - Аркалык,Нурлы жол,19:18,03:42,656,Аркалык - Нурлы жол,Астана-1,08:01,23:53,1211,20.18,paired
Есиль,17,ср,ТЧЭ,655,Нурлы жол - Аркалык,Нурлы жол,19:18,03:42,656,Аркалык - Нурлы жол,Астана-1,08:01,23:53,1211,20.18,paired
Есиль,18,чт,ТЧЭ,655,Нурлы жол - Аркалык,Нурлы жол,19:18,03:42,656,Аркалык - Нурлы жол,Астана-1,08:01,23:53,1211,20.18,paired
Есиль,19,пт,ТЧЭ,655,Нурлы жол - Аркалык,Нурлы жол,19:18,03:42,656,Аркалык - Нурлы жол,Астана-1,08:01,23:53,1211,20.18,paired
Есиль,20,сб,ТЧЭ,655,Нурлы жол - Аркалык,Нурлы жол,19:18,03:42,656,Аркалык - Нурлы жол,Астана-1,08:01,23:53,1211,20.18,paired
Есиль,21,вс,ТЧЭ,655,Нурлы жол - Аркалык,Нурлы жол,19:18,03:42,656,Аркалык - Нурлы жол,Астана-1,08:01,23:53,1211,20.18,paired
Есиль,22,пн,ТЧЭ,655,Нурлы жол - Аркалык,Нурлы жол,19:18,03:42,656,Аркалык - Нурлы жол,Астана-1,08:01,23:53,1211,20.18,paired
Есиль,23,вт,ТЧЭ,655,Нурлы жол - Аркалык,Нурлы жол,19:18,03:42,656,Аркалык - Нурлы жол,Астана-1,08:01,23:53,1211,20.18,paired
Есиль,24,ср,ТЧЭ,655,Нурлы жол - Аркалык,Нурлы жол,19:18,03:42,656,Аркалык - Нурлы жол,Астана-1,08:01,23:53,1211,20.18,paired
Есиль,25,чт,ТЧЭ,655,Нурлы жол - Аркалык,Нурлы жол,19:18,03:42,656,Аркалык - Нурлы жол,Астана-1,08:01,23:53,1211,20.18,paired
Есиль,26,пт,ТЧЭ,655,Нурлы жол - Аркалык,Нурлы жол,19:18,03:42,656,Аркалык - Нурлы жол,Астана-1,08:01,23:53,1211,20.18,paired
Есиль,27,сб,ТЧЭ,655,Нурлы жол - Аркалык,Нурлы жол,19:18,03:42,656,Аркалык - Нурлы жол,Астана-1,08:01,23:53,1211,20.18,paired
Есиль,28,вс,ТЧЭ,655,Нурлы жол - Аркалык,Нурлы жол,19:18,03:42,656,Аркалык - Нурлы жол,Астана-1,08:01,23:53,1211,20.18,paired
Есиль,29,пн,ТЧЭ,655,Нурлы жол - Аркалык,Нурлы жол,19:18,03:42,656,Аркалык - Нурлы жол,Астана-1,08:01,23:53,1211,20.18,paired
Есиль,30,вт,ТЧЭ,655,Нурлы жол - Аркалык,Нурлы жол,19:18,03:42,656,Аркалык - Нурлы жол,Астана-1,08:01,23:53,1211,20.18,paired
Есиль,31,ср,ТЧЭ,655,Нурлы жол - Аркалык,Нурлы жол,19:18,03:42,656,Аркалык - Нурлы жол,Астана-1,08:01,23:53,1211,20.18,paired
Есиль,1,вс,ТЧЭ,655,Нурлы жол - Аркалык,Нурлы жол,19:18,03:42,656,Аркалык - Нурлы жол,Астана-1,08:01,23:53,1211,20.18,paired
Павлодар,13,сб,ТЧЭ,354,Нурлы жол - Семей,Нурлы жол,17:55,02:45,045,Павлодар - Туркестан,Сороковая,11:48,21:25,1124,18.73,paired
Павлодар,14,вс,ТЧЭ,038,,,,02:45,045,Павлодар - Туркестан,Сороковая,11:48,21:25,1124,18.73,departure_only
Павлодар,15,пн,ТЧЭ,354,Нурлы жол - Семей,Нурлы жол,17:55,02:45,045,Павлодар - Туркестан,Сороковая,11:48,21:25,1124,18.73,paired
Павлодар,16,вт,ТЧЭ,038,,,,02:45,045,Павлодар - Туркестан,Сороковая,11:48,21:25,1124,18.73,departure_only
Павлодар,17,ср,ТЧЭ,354,Нурлы жол - Семей,Нурлы жол,17:55,02:45,045,Павлодар - Туркестан,Сороковая,11:48,21:25,1124,18.73,paired
Павлодар,18,чт,ТЧЭ,038,,,,02:45,045,Павлодар - Туркестан,Сороковая,11:48,21:25,1124,18.73,departure_only
Павлодар,19,пт,ТЧЭ,354,Нурлы жол - Семей,Нурлы жол,17:55,02:45,045,Павлодар - Туркестан,Сороковая,11:48,21:25,1124,18.73,paired
Павлодар,20,сб,ТЧЭ,038,,,,02:45,045,Павлодар - Туркестан,Сороковая,11:48,21:25,1124,18.73,departure_only
Павлодар,21,вс,ТЧЭ,354,Нурлы жол - Семей,Нурлы жол,17:55,02:45,045,Павлодар - Туркестан,Сороковая,11:48,21:25,1124,18.73,paired
Павлодар,22,пн,ТЧЭ,038,,,,02:45,045,Павлодар - Туркестан,Сороковая,11:48,21:25,1124,18.73,departure_only
Павлодар,23,вт,ТЧЭ,354,Нурлы жол - Семей,Нурлы жол,17:55,02:45,045,Павлодар - Туркестан,Сороковая,11:48,21:25,1124,18.73,paired
Павлодар,24,ср,ТЧЭ,038,,,,02:45,045,Павлодар - Туркестан,Сороковая,11:48,21:25,1124,18.73,departure_only
Павлодар,25,чт,ТЧЭ,354,Нурлы жол - Семей,Нурлы жол,17:55,02:45,045,Павлодар - Туркестан,Сороковая,11:48,21:25,1124,18.73,paired
Павлодар,26,пт,ТЧЭ,038,,,,02:45,045,Павлодар - Туркестан,Сороковая,11:48,21:25,1124,18.73,departure_only
Павлодар,27,сб,ТЧЭ,354,Нурлы жол - Семей,Нурлы жол,17:55,02:45,045,Павлодар - Туркестан,Сороковая,11:48,21:25,1124,18.73,paired
Павлодар,28,вс,ТЧЭ,038,,,,02:45,045,Павлодар - Туркестан,Сороковая,11:48,21:25,1124,18.73,departure_only
Павлодар,29,пн,ТЧЭ,354,Нурлы жол - Семей,Нурлы жол,17:55,02:45,045,Павлодар - Туркестан,Сороковая,11:48,21:25,1124,18.73,paired
Павлодар,30,вт,ТЧЭ,038,,,,02:45,045,Павлодар - Туркестан,Сороковая,11:48,21:25,1124,18.73,departure_only
Павлодар,31,ср,ТЧЭ,354,Нурлы жол - Семей,Нурлы жол,17:55,02:45,045,Павлодар - Туркестан,Сороковая,11:48,21:25,1124,18.73,paired
Павлодар,1,чт,ТЧЭ,038,,,,02:45,045,Павлодар - Туркестан,Сороковая,11:48,21:25,1124,18.73,departure_only
Павлодар,2,пт,ТЧЭ,354,Нурлы жол - Семей,Нурлы жол,17:55,02:45,045,Павлодар - Туркестан,Сороковая,11:48,21:25,1124,18.73,paired
Жана-Есиль,14,вс,ТЧЭ,327,,,,01:11,328,Костанай - Караганды,Астана-1,08:19,18:00,1009,16.82,departure_only
Жана-Есиль,15,пн,ТЧЭ,327,,,,01:11,328,Костанай - Караганды,Астана-1,08:19,18:00,1009,16.82,departure_only
Жана-Есиль,16,вт,ТЧЭ,327,,,,01:11,328,Костанай - Караганды,Астана-1,08:19,18:00,1009,16.82,departure_only
Жана-Есиль,17,ср,ТЧЭ,327,,,,01:11,328,Костанай - Караганды,Астана-1,08:19,18:00,1009,16.82,departure_only
Жана-Есиль,18,чт,ТЧЭ,327,,,,01:11,328,Костанай - Караганды,Астана-1,08:19,18:00,1009,16.82,departure_only
Жана-Есиль,19,пт,ТЧЭ,327,,,,01:11,328,Костанай - Караганды,Астана-1,08:19,18:00,1009,16.82,departure_only
Жана-Есиль,20,сб,ТЧЭ,327,,,,01:11,328,Костанай - Караганды,Астана-1,08:19,18:00,1009,16.82,departure_only
Жана-Есиль,21,вс,ТЧЭ,327,,,,01:11,328,Костанай - Караганды,Астана-1,08:19,18:00,1009,16.82,departure_only
Жана-Есиль,22,пн,ТЧЭ,327,,,,01:11,328,Костанай - Караганды,Астана-1,08:19,18:00,1009,16.82,departure_only
Жана-Есиль,23,вт,ТЧЭ,327,,,,01:11,328,Костанай - Караганды,Астана-1,08:19,18:00,1009,16.82,departure_only
Жана-Есиль,24,ср,ТЧЭ,327,,,,01:11,328,Костанай - Караганды,Астана-1,08:19,18:00,1009,16.82,departure_only
Жана-Есиль,25,чт,ТЧЭ,327,,,,01:11,328,Костанай - Караганды,Астана-1,08:19,18:00,1009,16.82,departure_only
Жана-Есиль,26,пт,ТЧЭ,327,,,,01:11,328,Костанай - Караганды,Астана-1,08:19,18:00,1009,16.82,departure_only
Жана-Есиль,27,сб,ТЧЭ,327,,,,01:11,328,Костанай - Караганды,Астана-1,08:19,18:00,1009,16.82,departure_only
Жана-Есиль,28,вс,ТЧЭ,327,,,,01:11,328,Костанай - Караганды,Астана-1,08:19,18:00,1009,16.82,departure_only
Жана-Есиль,29,пн,ТЧЭ,327,,,,01:11,328,Костанай - Караганды,Астана-1,08:19,18:00,1009,16.82,departure_only
Жана-Есиль,30,вт,ТЧЭ,327,,,,01:11,328,Костанай - Караганды,Астана-1,08:19,18:00,1009,16.82,departure_only
Жана-Есиль,31,ср,ТЧЭ,327,,,,01:11,328,Костанай - Караганды,Астана-1,08:19,18:00,1009,16.82,departure_only
Жана-Есиль,1,вс,ТЧЭ,327,,,,01:11,328,Костанай - Караганды,Астана-1,08:19,18:00,1009,16.82,departure_only
Павлодар,14,вс,ТЧЭ,,,,,,067,Оскемен-1 - Нурлы жол,Сороковая,07:57,01:29,976,16.27,departure_only
Павлодар,16,вт,ТЧЭ,,,,,,067,Оскемен-1 - Нурлы жол,Сороковая,07:57,01:29,976,16.27,departure_only
Павлодар,18,чт,ТЧЭ,,,,,,067,Оскемен-1 - Нурлы жол,Сороковая,07:57,01:29,976,16.27,departure_only
Павлодар,20,сб,ТЧЭ,,,,,,067,Оскемен-1 - Нурлы жол,Сороковая,07:57,01:29,976,16.27,departure_only
Павлодар,22,пн,ТЧЭ,,,,,,067,Оскемен-1 - Нурлы жол,Сороковая,07:57,01:29,976,16.27,departure_only
Павлодар,24,ср,ТЧЭ,,,,,,067,Оскемен-1 - Нурлы жол,Сороковая,07:57,01:29,976,16.27,departure_only
Павлодар,26,пт,ТЧЭ,,,,,,067,Оскемен-1 - Нурлы жол,Сороковая,07:57,01:29,976,16.27,departure_only
Павлодар,28,вс,ТЧЭ,,,,,,067,Оскемен-1 - Нурлы жол,Сороковая,07:57,01:29,976,16.27,departure_only
Павлодар,30,вт,ТЧЭ,,,,,,067,Оскемен-1 - Нурлы жол,Сороковая,07:57,01:29,976,16.27,departure_only
Павлодар,1,чт,ТЧЭ,,,,,,067,Оскемен-1 - Нурлы жол,Сороковая,07:57,01:29,976,16.27,departure_only
Павлодар,13,сб,ТЧЭ,046,,,,08:38,353,Семей - Нурлы жол,Сороковая,05:00,23:59,921,15.35,departure_only
Павлодар,14,вс,ТЧЭ,046,,,,08:38,037,Мангистау - Семей,Астана-1,02:45,23:59,921,15.35,departure_only
Павлодар,15,пн,ТЧЭ,046,,,,08:38,353,Семей - Нурлы жол,Сороковая,05:00,23:59,921,15.35,departure_only
Павлодар,16,вт,ТЧЭ,046,,,,08:38,037,Мангистау - Семей,Астана-1,02:45,23:59,921,15.35,departure_only
Павлодар,17,ср,ТЧЭ,046,,,,08:38,353,Семей - Нурлы жол,Сороковая,05:00,23:59,921,15.35,departure_only
Павлодар,18,чт,ТЧЭ,046,,,,08:38,037,Мангистау - Семей,Астана-1,02:45,23:59,921,15.35,departure_only
Павлодар,19,пт,ТЧЭ,046,,,,08:38,353,Семей - Нурлы жол,Сороковая,05:00,23:59,921,15.35,departure_only
Павлодар,20,сб,ТЧЭ,046,,,,08:38,037,Мангистау - Семей,Астана-1,02:45,23:59,921,15.35,departure_only
Павлодар,21,вс,ТЧЭ,046,,,,08:38,353,Семей - Нурлы жол,Сороковая,05:00,23:59,921,15.35,departure_only
Павлодар,22,пн,ТЧЭ,046,,,,08:38,037,Мангистау - Семей,Астана-1,02:45,23:59,921,15.35,departure_only
Павлодар,23,вт,ТЧЭ,046,,,,08:38,353,Семей - Нурлы жол,Сороковая,05:00,23:59,921,15.35,departure_only
Павлодар,24,ср,ТЧЭ,046,,,,08:38,037,Мангистау - Семей,Астана-1,02:45,23:59,921,15.35,departure_only
Павлодар,25,чт,ТЧЭ,046,,,,08:38,353,Семей - Нурлы жол,Сороковая,05:00,23:59,921,15.35,departure_only
Павлодар,26,пт,ТЧЭ,046,,,,08:38,037,Мангистау - Семей,Астана-1,02:45,23:59,921,15.35,departure_only
Павлодар,27,сб,ТЧЭ,046,,,,08:38,353,Семей - Нурлы жол,Сороковая,05:00,23:59,921,15.35,departure_only
Павлодар,28,вс,ТЧЭ,046,,,,08:38,037,Мангистау - Семей,Астана-1,02:45,23:59,921,15.35,departure_only
Павлодар,29,пн,ТЧЭ,046,,,,08:38,353,Семей - Нурлы жол,Сороковая,05:00,23:59,921,15.35,departure_only
Павлодар,30,вт,ТЧЭ,046,,,,08:38,037,Мангистау - Семей,Астана-1,02:45,23:59,921,15.35,departure_only
Павлодар,31,ср,ТЧЭ,046,,,,08:38,353,Семей - Нурлы жол,Сороковая,05:00,23:59,921,15.35,departure_only
Павлодар,1,чт,ТЧЭ,046,,,,08:38,037,Мангистау - Семей,Астана-1,02:45,23:59,921,15.35,departure_only
Павлодар,2,пт,ТЧЭ,046,,,,08:38,353,Семей - Нурлы жол,Сороковая,05:00,23:59,921,15.35,departure_only
Тобол,17,ср,ТЧЭ,037,Мангистау - Семей,Астана-1,11:12,21:47,038,,,,06:10,821,13.68,arrival_only
Тобол,21,вс,ТЧЭ,037,Мангистау - Семей,Астана-1,11:12,21:47,038,,,,06:10,821,13.68,arrival_only
Тобол,25,чт,ТЧЭ,037,Мангистау - Семей,Астана-1,11:12,21:47,038,,,,06:10,821,13.68,arrival_only
Тобол,29,пн,ТЧЭ,037,Мангистау - Семей,Астана-1,11:12,21:47,038,,,,06:10,821,13.68,arrival_only
Павлодар,13,сб,ТЧЭ,,,,,,067,Оскемен-1 - Нурлы жол,Сороковая,07:57,01:29,762,12.7,departure_only
Павлодар,15,пн,ТЧЭ,,,,,,067,Оскемен-1 - Нурлы жол,Сороковая,07:57,01:29,762,12.7,departure_only
Павлодар,17,ср,ТЧЭ,,,,,,067,Оскемен-1 - Нурлы жол,Сороковая,07:57,01:29,762,12.7,departure_only
Павлодар,19,пт,ТЧЭ,,,,,,067,Оскемен-1 - Нурлы жол,Сороковая,07:57,01:29,762,12.7,departure_only
Павлодар,21,вс,ТЧЭ,,,,,,067,Оскемен-1 - Нурлы жол,Сороковая,07:57,01:29,762,12.7,departure_only
Павлодар,23,вт,ТЧЭ,,,,,,067,Оскемен-1 - Нурлы жол,Сороковая,07:57,01:29,762,12.7,departure_only
Павлодар,25,чт,ТЧЭ,,,,,,067,Оскемен-1 - Нурлы жол,Сороковая,07:57,01:29,762,12.7,departure_only
Павлодар,27,сб,ТЧЭ,,,,,,067,Оскемен-1 - Нурлы жол,Сороковая,07:57,01:29,762,12.7,departure_only
Павлодар,29,пн,ТЧЭ,,,,,,067,Оскемен-1 - Нурлы жол,Сороковая,07:57,01:29,762,12.7,departure_only
Павлодар,31,ср,ТЧЭ,,,,,,067,Оскемен-1 - Нурлы жол,Сороковая,07:57,01:29,762,12.7,departure_only
Павлодар,13,сб,ТЧЭ,068,Нурлы жол - Оскемен-1,Нурлы жол,19:00,01:25,139,Пресногорьковская - Павлодар,Астана-1,09:13,14:05,760,12.67,paired
Павлодар,14,вс,ТЧЭ,068,Нурлы жол - Оскемен-1,Нурлы жол,19:00,01:25,139,Пресногорьковская - Павлодар,Астана-1,09:13,14:05,760,12.67,paired
Павлодар,15,пн,ТЧЭ,068,Нурлы жол - Оскемен-1,Нурлы жол,19:00,01:25,139,Пресногорьковская - Павлодар,Астана-1,09:13,14:05,760,12.67,paired
Павлодар,16,вт,ТЧЭ,068,Нурлы жол - Оскемен-1,Нурлы жол,19:00,01:25,139,Пресногорьковская - Павлодар,Астана-1,09:13,14:05,760,12.67,paired
Павлодар,17,ср,ТЧЭ,068,Нурлы жол - Оскемен-1,Нурлы жол,19:00,01:25,139,Пресногорьковская - Павлодар,Астана-1,09:13,14:05,760,12.67,paired
Павлодар,18,чт,ТЧЭ,068,Нурлы жол - Оскемен-1,Нурлы жол,19:00,01:25,139,Пресногорьковская - Павлодар,Астана-1,09:13,14:05,760,12.67,paired
Павлодар,19,пт,ТЧЭ,068,Нурлы жол - Оскемен-1,Нурлы жол,19:00,01:25,139,Пресногорьковская - Павлодар,Астана-1,09:13,14:05,760,12.67,paired
Павлодар,20,сб,ТЧЭ,068,Нурлы жол - Оскемен-1,Нурлы жол,19:00,01:25,139,Пресногорьковская - Павлодар,Астана-1,09:13,14:05,760,12.67,paired
Павлодар,21,вс,ТЧЭ,068,Нурлы жол - Оскемен-1,Нурлы жол,19:00,01:25,139,Пресногорьковская - Павлодар,Астана-1,09:13,14:05,760,12.67,paired
Павлодар,22,пн,ТЧЭ,068,Нурлы жол - Оскемен-1,Нурлы жол,19:00,01:25,139,Пресногорьковская - Павлодар,Астана-1,09:13,14:05,760,12.67,paired
Павлодар,23,вт,ТЧЭ,068,Нурлы жол - Оскемен-1,Нурлы жол,19:00,01:25,139,Пресногорьковская - Павлодар,Астана-1,09:13,14:05,760,12.67,paired
Павлодар,24,ср,ТЧЭ,068,Нурлы жол - Оскемен-1,Нурлы жол,19:00,01:25,139,Пресногорьковская - Павлодар,Астана-1,09:13,14:05,760,12.67,paired
Павлодар,25,чт,ТЧЭ,068,Нурлы жол - Оскемен-1,Нурлы жол,19:00,01:25,139,Пресногорьковская - Павлодар,Астана-1,09:13,14:05,760,12.67,paired
Павлодар,26,пт,ТЧЭ,068,Нурлы жол - Оскемен-1,Нурлы жол,19:00,01:25,139,Пресногорьковская - Павлодар,Астана-1,09:13,14:05,760,12.67,paired
Павлодар,27,сб,ТЧЭ,068,Нурлы жол - Оскемен-1,Нурлы жол,19:00,01:25,139,Пресногорьковская - Павлодар,Астана-1,09:13,14:05,760,12.67,paired
Павлодар,28,вс,ТЧЭ,068,Нурлы жол - Оскемен-1,Нурлы жол,19:00,01:25,139,Пресногорьковская - Павлодар,Астана-1,09:13,14:05,760,12.67,paired
Павлодар,29,пн,ТЧЭ,068,Нурлы жол - Оскемен-1,Нурлы жол,19:00,01:25,139,Пресногорьковская - Павлодар,Астана-1,09:13,14:05,760,12.67,paired
Павлодар,30,вт,ТЧЭ,068,Нурлы жол - Оскемен-1,Нурлы жол,19:00,01:25,139,Пресногорьковская - Павлодар,Астана-1,09:13,14:05,760,12.67,paired
Павлодар,31,ср,ТЧЭ,068,Нурлы жол - Оскемен-1,Нурлы жол,19:00,01:25,139,Пресногорьковская - Павлодар,Астана-1,09:13,14:05,760,12.67,paired
Павлодар,1,чт,ТЧЭ,068,Нурлы жол - Оскемен-1,Нурлы жол,19:00,01:25,139,Пресногорьковская - Павлодар,Астана-1,09:13,14:05,760,12.67,paired
Павлодар,2,пт,ТЧЭ,068,Нурлы жол - Оскемен-1,Нурлы жол,19:00,01:25,139,Пресногорьковская - Павлодар,Астана-1,09:13,14:05,760,12.67,paired
Жана-Есиль,16,вт,ТЧЭ,,,,,,058,Нурлы жол - Орал,Нурлы жол,22:39,04:33,641,10.68,departure_only
Жана-Есиль,18,чт,ТЧЭ,,,,,,058,Нурлы жол - Орал,Нурлы жол,22:39,04:33,641,10.68,departure_only
Жана-Есиль,20,сб,ТЧЭ,,,,,,058,Нурлы жол - Орал,Нурлы жол,22:39,04:33,641,10.68,departure_only
Жана-Есиль,22,пн,ТЧЭ,,,,,,058,Нурлы жол - Орал,Нурлы жол,22:39,04:33,641,10.68,departure_only
Жана-Есиль,24,ср,ТЧЭ,,,,,,058,Нурлы жол - Орал,Нурлы жол,22:39,04:33,641,10.68,departure_only
Жана-Есиль,26,пт,ТЧЭ,,,,,,058,Нурлы жол - Орал,Нурлы жол,22:39,04:33,641,10.68,departure_only
Жана-Есиль,28,вс,ТЧЭ,,,,,,058,Нурлы жол - Орал,Нурлы жол,22:39,04:33,641,10.68,departure_only
Жана-Есиль,30,вт,ТЧЭ,,,,,,058,Нурлы жол - Орал,Нурлы жол,22:39,04:33,641,10.68,departure_only
Жана-Есиль,1,вс,ТЧЭ,,,,,,058,Нурлы жол - Орал,Нурлы жол,22:39,04:33,641,10.68,departure_only
Алматы,13,сб,ТЧЭ,010,Астана-1 - Алматы 2,Астана-1,21:16,14:04,025,,,,23:50,586,9.77,arrival_only
Алматы,14,вс,ТЧЭ,010,Астана-1 - Алматы 2,Астана-1,21:16,14:04,025,,,,23:50,586,9.77,arrival_only
Алматы,15,пн,ТЧЭ,010,Астана-1 - Алматы 2,Астана-1,21:16,14:04,025,,,,23:50,586,9.77,arrival_only
Алматы,16,вт,ТЧЭ,010,Астана-1 - Алматы 2,Астана-1,21:16,14:04,025,,,,23:50,586,9.77,arrival_only
Алматы,17,ср,ТЧЭ,010,Астана-1 - Алматы 2,Астана-1,21:16,14:04,025,,,,23:50,586,9.77,arrival_only
Алматы,18,чт,ТЧЭ,010,Астана-1 - Алматы 2,Астана-1,21:16,14:04,025,,,,23:50,586,9.77,arrival_only
Алматы,19,пт,ТЧЭ,010,Астана-1 - Алматы 2,Астана-1,21:16,14:04,025,,,,23:50,586,9.77,arrival_only
Алматы,20,сб,ТЧЭ,010,Астана-1 - Алматы 2,Астана-1,21:16,14:04,025,,,,23:50,586,9.77,arrival_only
Алматы,21,вс,ТЧЭ,010,Астана-1 - Алматы 2,Астана-1,21:16,14:04,025,,,,23:50,586,9.77,arrival_only
Алматы,22,пн,ТЧЭ,010,Астана-1 - Алматы 2,Астана-1,21:16,14:04,025,,,,23:50,586,9.77,arrival_only
Алматы,23,вт,ТЧЭ,010,Астана-1 - Алматы 2,Астана-1,21:16,14:04,025,,,,23:50,586,9.77,arrival_only
Алматы,24,ср,ТЧЭ,010,Астана-1 - Алматы 2,Астана-1,21:16,14:04,025,,,,23:50,586,9.77,arrival_only
Алматы,25,чт,ТЧЭ,010,Астана-1 - Алматы 2,Астана-1,21:16,14:04,025,,,,23:50,586,9.77,arrival_only
Алматы,26,пт,ТЧЭ,010,Астана-1 - Алматы 2,Астана-1,21:16,14:04,025,,,,23:50,586,9.77,arrival_only
Алматы,27,сб,ТЧЭ,010,Астана-1 - Алматы 2,Астана-1,21:16,14:04,025,,,,23:50,586,9.77,arrival_only
Алматы,28,вс,ТЧЭ,010,Астана-1 - Алматы 2,Астана-1,21:16,14:04,025,,,,23:50,586,9.77,arrival_only
Алматы,29,пн,ТЧЭ,010,Астана-1 - Алматы 2,Астана-1,21:16,14:04,025,,,,23:50,586,9.77,arrival_only
Алматы,30,вт,ТЧЭ,010,Астана-1 - Алматы 2,Астана-1,21:16,14:04,025,,,,23:50,586,9.77,arrival_only
Алматы,31,ср,ТЧЭ,010,Астана-1 - Алматы 2,Астана-1,21:16,14:04,025,,,,23:50,586,9.77,arrival_only
Костанай,13,сб,ТЧЭ,043,,,,09:30,044,Костанай - Алматы 1,Астана-1,14:39,19:13,583,9.72,departure_only
Костанай,14,вс,ТЧЭ,043,,,,09:30,044,Костанай - Алматы 1,Астана-1,14:39,19:13,583,9.72,departure_only
Костанай,15,пн,ТЧЭ,043,,,,09:30,044,Костанай - Алматы 1,Астана-1,14:39,19:13,583,9.72,departure_only
Костанай,16,вт,ТЧЭ,043,,,,09:30,044,Костанай - Алматы 1,Астана-1,14:39,19:13,583,9.72,departure_only
Костанай,17,ср,ТЧЭ,043,,,,09:30,044,Костанай - Алматы 1,Астана-1,14:39,19:13,583,9.72,departure_only
Костанай,18,чт,ТЧЭ,043,,,,09:30,044,Костанай - Алматы 1,Астана-1,14:39,19:13,583,9.72,departure_only
Костанай,19,пт,ТЧЭ,043,,,,09:30,044,Костанай - Алматы 1,Астана-1,14:39,19:13,583,9.72,departure_only
Костанай,20,сб,ТЧЭ,043,,,,09:30,044,Костанай - Алматы 1,Астана-1,14:39,19:13,583,9.72,departure_only
Костанай,21,вс,ТЧЭ,043,,,,09:30,044,Костанай - Алматы 1,Астана-1,14:39,19:13,583,9.72,departure_only
Костанай,22,пн,ТЧЭ,043,,,,09:30,044,Костанай - Алматы 1,Астана-1,14:39,19:13,583,9.72,departure_only
Костанай,23,вт,ТЧЭ,043,,,,09:30,044,Костанай - Алматы 1,Астана-1,14:39,19:13,583,9.72,departure_only
Костанай,24,ср,ТЧЭ,043,,,,09:30,044,Костанай - Алматы 1,Астана-1,14:39,19:13,583,9.72,departure_only
Костанай,25,чт,ТЧЭ,043,,,,09:30,044,Костанай - Алматы 1,Астана-1,14:39,19:13,583,9.72,departure_only
Костанай,26,пт,ТЧЭ,043,,,,09:30,044,Костанай - Алматы 1,Астана-1,14:39,19:13,583,9.72,departure_only
Костанай,27,сб,ТЧЭ,043,,,,09:30,044,Костанай - Алматы 1,Астана-1,14:39,19:13,583,9.72,departure_only
Костанай,28,вс,ТЧЭ,043,,,,09:30,044,Костанай - Алматы 1,Астана-1,14:39,19:13,583,9.72,departure_only
Костанай,29,пн,ТЧЭ,043,,,,09:30,044,Костанай - Алматы 1,Астана-1,14:39,19:13,583,9.72,departure_only
Костанай,30,вт,ТЧЭ,043,,,,09:30,044,Костанай - Алматы 1,Астана-1,14:39,19:13,583,9.72,departure_only
Костанай,31,ср,ТЧЭ,043,,,,09:30,044,Костанай - Алматы 1,Астана-1,14:39,19:13,583,9.72,departure_only
Шымкент ,13,сб,ТЧЭ,011,,,,05:11,086,Нурлы жол - Шымкент,Нурлы жол,22:39,13:35,504,8.4,departure_only
Шымкент ,14,вс,ТЧЭ,011,,,,05:11,086,Нурлы жол - Шымкент,Нурлы жол,22:39,13:35,504,8.4,departure_only
Шымкент ,15,пн,ТЧЭ,011,,,,05:11,086,Нурлы жол - Шымкент,Нурлы жол,22:39,13:35,504,8.4,departure_only
Шымкент ,16,вт,ТЧЭ,011,,,,05:11,086,Нурлы жол - Шымкент,Нурлы жол,22:39,13:35,504,8.4,departure_only
Шымкент ,17,ср,ТЧЭ,011,,,,05:11,086,Нурлы жол - Шымкент,Нурлы жол,22:39,13:35,504,8.4,departure_only
Шымкент ,18,чт,ТЧЭ,011,,,,05:11,086,Нурлы жол - Шымкент,Нурлы жол,22:39,13:35,504,8.4,departure_only
Шымкент ,19,пт,ТЧЭ,011,,,,05:11,086,Нурлы жол - Шымкент,Нурлы жол,22:39,13:35,504,8.4,departure_only
Шымкент ,20,сб,ТЧЭ,011,,,,05:11,086,Нурлы жол - Шымкент,Нурлы жол,22:39,13:35,504,8.4,departure_only
Шымкент ,21,вс,ТЧЭ,011,,,,05:11,086,Нурлы жол - Шымкент,Нурлы жол,22:39,13:35,504,8.4,departure_only
Шымкент ,22,пн,ТЧЭ,011,,,,05:11,086,Нурлы жол - Шымкент,Нурлы жол,22:39,13:35,504,8.4,departure_only
Шымкент ,23,вт,ТЧЭ,011,,,,05:11,086,Нурлы жол - Шымкент,Нурлы жол,22:39,13:35,504,8.4,departure_only
Шымкент ,24,ср,ТЧЭ,011,,,,05:11,086,Нурлы жол - Шымкент,Нурлы жол,22:39,13:35,504,8.4,departure_only
Шымкент ,25,чт,ТЧЭ,011,,,,05:11,086,Нурлы жол - Шымкент,Нурлы жол,22:39,13:35,504,8.4,departure_only
Шымкент ,26,пт,ТЧЭ,011,,,,05:11,086,Нурлы жол - Шымкент,Нурлы жол,22:39,13:35,504,8.4,departure_only
Шымкент ,27,сб,ТЧЭ,011,,,,05:11,086,Нурлы жол - Шымкент,Нурлы жол,22:39,13:35,504,8.4,departure_only
Шымкент ,28,вс,ТЧЭ,011,,,,05:11,086,Нурлы жол - Шымкент,Нурлы жол,22:39,13:35,504,8.4,departure_only
Шымкент ,29,пн,ТЧЭ,011,,,,05:11,086,Нурлы жол - Шымкент,Нурлы жол,22:39,13:35,504,8.4,departure_only
Шымкент ,30,вт,ТЧЭ,011,,,,05:11,086,Нурлы жол - Шымкент,Нурлы жол,22:39,13:35,504,8.4,departure_only
Шымкент ,31,ср,ТЧЭ,011,,,,05:11,086,Нурлы жол - Шымкент,Нурлы жол,22:39,13:35,504,8.4,departure_only
Алматы,14,вс,ТЧЭ,004,Нурлы жол - Алматы 2,Нурлы жол,20:15,07:45,003,Алматы 2 - Нурлы жол,Сороковая,08:28,15:25,460,7.67,paired
Шымкент ,13,сб,ТЧЭ,085,Шымкент - Нурлы жол,Сороковая,05:37,14:40,012,,,,22:13,453,7.55,arrival_only
Шымкент ,14,вс,ТЧЭ,085,Шымкент - Нурлы жол,Сороковая,05:37,14:40,012,,,,22:13,453,7.55,arrival_only
Шымкент ,15,пн,ТЧЭ,085,Шымкент - Нурлы жол,Сороковая,05:37,14:40,012,,,,22:13,453,7.55,arrival_only
Шымкент ,16,вт,ТЧЭ,085,Шымкент - Нурлы жол,Сороковая,05:37,14:40,012,,,,22:13,453,7.55,arrival_only
Шымкент ,17,ср,ТЧЭ,085,Шымкент - Нурлы жол,Сороковая,05:37,14:40,012,,,,22:13,453,7.55,arrival_only
Шымкент ,18,чт,ТЧЭ,085,Шымкент - Нурлы жол,Сороковая,05:37,14:40,012,,,,22:13,453,7.55,arrival_only
Шымкент ,19,пт,ТЧЭ,085,Шымкент - Нурлы жол,Сороковая,05:37,14:40,012,,,,22:13,453,7.55,arrival_only
Шымкент ,20,сб,ТЧЭ,085,Шымкент - Нурлы жол,Сороковая,05:37,14:40,012,,,,22:13,453,7.55,arrival_only
Шымкент ,21,вс,ТЧЭ,085,Шымкент - Нурлы жол,Сороковая,05:37,14:40,012,,,,22:13,453,7.55,arrival_only
Шымкент ,22,пн,ТЧЭ,085,Шымкент - Нурлы жол,Сороковая,05:37,14:40,012,,,,22:13,453,7.55,arrival_only
Шымкент ,23,вт,ТЧЭ,085,Шымкент - Нурлы жол,Сороковая,05:37,14:40,012,,,,22:13,453,7.55,arrival_only
Шымкент ,24,ср,ТЧЭ,085,Шымкент - Нурлы жол,Сороковая,05:37,14:40,012,,,,22:13,453,7.55,arrival_only
Шымкент ,25,чт,ТЧЭ,085,Шымкент - Нурлы жол,Сороковая,05:37,14:40,012,,,,22:13,453,7.55,arrival_only
Шымкент ,26,пт,ТЧЭ,085,Шымкент - Нурлы жол,Сороковая,05:37,14:40,012,,,,22:13,453,7.55,arrival_only
Шымкент ,27,сб,ТЧЭ,085,Шымкент - Нурлы жол,Сороковая,05:37,14:40,012,,,,22:13,453,7.55,arrival_only
Шымкент ,28,вс,ТЧЭ,085,Шымкент - Нурлы жол,Сороковая,05:37,14:40,012,,,,22:13,453,7.55,arrival_only
Шымкент ,29,пн,ТЧЭ,085,Шымкент - Нурлы жол,Сороковая,05:37,14:40,012,,,,22:13,453,7.55,arrival_only
Шымкент ,30,вт,ТЧЭ,085,Шымкент - Нурлы жол,Сороковая,05:37,14:40,012,,,,22:13,453,7.55,arrival_only
Шымкент ,31,ср,ТЧЭ,085,Шымкент - Нурлы жол,Сороковая,05:37,14:40,012,,,,22:13,453,7.55,arrival_only
Кокшетау,17,ср,ТЧЭ,,,,,,106,Петропавловск - Алматы 2,Астана-1,09:30,02:22,449,7.48,departure_only
Кокшетау,19,пт,ТЧЭ,,,,,,106,Петропавловск - Алматы 2,Астана-1,09:30,02:22,449,7.48,departure_only
Кокшетау,21,вс,ТЧЭ,,,,,,106,Петропавловск - Алматы 2,Астана-1,09:30,02:22,449,7.48,departure_only
Кокшетау,23,вт,ТЧЭ,,,,,,106,Петропавловск - Алматы 2,Астана-1,09:30,02:22,449,7.48,departure_only
Кокшетау,25,чт,ТЧЭ,,,,,,106,Петропавловск - Алматы 2,Астана-1,09:30,02:22,449,7.48,departure_only
Кокшетау,27,сб,ТЧЭ,,,,,,106,Петропавловск - Алматы 2,Астана-1,09:30,02:22,449,7.48,departure_only
Кокшетау,29,пн,ТЧЭ,,,,,,106,Петропавловск - Алматы 2,Астана-1,09:30,02:22,449,7.48,departure_only
Кокшетау,31,ср,ТЧЭ,,,,,,106,Петропавловск - Алматы 2,Астана-1,09:30,02:22,449,7.48,departure_only
Алматы,13,сб,ТЧЭ,012,,,,09:48,009,Алматы 2 - Астана-1,Сороковая,09:42,17:00,432,7.2,departure_only
Алматы,14,вс,ТЧЭ,012,,,,09:48,009,Алматы 2 - Астана-1,Сороковая,09:42,17:00,432,7.2,departure_only
Алматы,15,пн,ТЧЭ,012,,,,09:48,009,Алматы 2 - Астана-1,Сороковая,09:42,17:00,432,7.2,departure_only
Алматы,16,вт,ТЧЭ,012,,,,09:48,009,Алматы 2 - Астана-1,Сороковая,09:42,17:00,432,7.2,departure_only
Алматы,17,ср,ТЧЭ,012,,,,09:48,009,Алматы 2 - Астана-1,Сороковая,09:42,17:00,432,7.2,departure_only
Алматы,18,чт,ТЧЭ,012,,,,09:48,009,Алматы 2 - Астана-1,Сороковая,09:42,17:00,432,7.2,departure_only
Алматы,19,пт,ТЧЭ,012,,,,09:48,009,Алматы 2 - Астана-1,Сороковая,09:42,17:00,432,7.2,departure_only
Алматы,20,сб,ТЧЭ,012,,,,09:48,009,Алматы 2 - Астана-1,Сороковая,09:42,17:00,432,7.2,departure_only
Алматы,21,вс,ТЧЭ,012,,,,09:48,009,Алматы 2 - Астана-1,Сороковая,09:42,17:00,432,7.2,departure_only
Алматы,22,пн,ТЧЭ,012,,,,09:48,009,Алматы 2 - Астана-1,Сороковая,09:42,17:00,432,7.2,departure_only
Алматы,23,вт,ТЧЭ,012,,,,09:48,009,Алматы 2 - Астана-1,Сороковая,09:42,17:00,432,7.2,departure_only
Алматы,24,ср,ТЧЭ,012,,,,09:48,009,Алматы 2 - Астана-1,Сороковая,09:42,17:00,432,7.2,departure_only
Алматы,25,чт,ТЧЭ,012,,,,09:48,009,Алматы 2 - Астана-1,Сороковая,09:42,17:00,432,7.2,departure_only
Алматы,26,пт,ТЧЭ,012,,,,09:48,009,Алматы 2 - Астана-1,Сороковая,09:42,17:00,432,7.2,departure_only
Алматы,27,сб,ТЧЭ,012,,,,09:48,009,Алматы 2 - Астана-1,Сороковая,09:42,17:00,432,7.2,departure_only
Алматы,28,вс,ТЧЭ,012,,,,09:48,009,Алматы 2 - Астана-1,Сороковая,09:42,17:00,432,7.2,departure_only
Алматы,29,пн,ТЧЭ,012,,,,09:48,009,Алматы 2 - Астана-1,Сороковая,09:42,17:00,432,7.2,departure_only
Алматы,30,вт,ТЧЭ,012,,,,09:48,009,Алматы 2 - Астана-1,Сороковая,09:42,17:00,432,7.2,departure_only
Алматы,31,ср,ТЧЭ,012,,,,09:48,009,Алматы 2 - Астана-1,Сороковая,09:42,17:00,432,7.2,departure_only
Арыс,16,вт,ТЧЭ,045,Павлодар - Туркестан,Сороковая,21:25,11:42,046,,,,18:38,416,6.93,arrival_only
Арыс,17,ср,ТЧЭ,045,Павлодар - Туркестан,Сороковая,21:25,11:42,046,,,,18:38,416,6.93,arrival_only
Арыс,18,чт,ТЧЭ,045,Павлодар - Туркестан,Сороковая,21:25,11:42,046,,,,18:38,416,6.93,arrival_only
Арыс,19,пт,ТЧЭ,045,Павлодар - Туркестан,Сороковая,21:25,11:42,046,,,,18:38,416,6.93,arrival_only
Арыс,20,сб,ТЧЭ,045,Павлодар - Туркестан,Сороковая,21:25,11:42,046,,,,18:38,416,6.93,arrival_only
Арыс,21,вс,ТЧЭ,045,Павлодар - Туркестан,Сороковая,21:25,11:42,046,,,,18:38,416,6.93,arrival_only
Арыс,22,пн,ТЧЭ,045,Павлодар - Туркестан,Сороковая,21:25,11:42,046,,,,18:38,416,6.93,arrival_only
Арыс,23,вт,ТЧЭ,045,Павлодар - Туркестан,Сороковая,21:25,11:42,046,,,,18:38,416,6.93,arrival_only
Арыс,24,ср,ТЧЭ,045,Павлодар - Туркестан,Сороковая,21:25,11:42,046,,,,18:38,416,6.93,arrival_only
Арыс,25,чт,ТЧЭ,045,Павлодар - Туркестан,Сороковая,21:25,11:42,046,,,,18:38,416,6.93,arrival_only
Арыс,26,пт,ТЧЭ,045,Павлодар - Туркестан,Сороковая,21:25,11:42,046,,,,18:38,416,6.93,arrival_only
Арыс,27,сб,ТЧЭ,045,Павлодар - Туркестан,Сороковая,21:25,11:42,046,,,,18:38,416,6.93,arrival_only
Арыс,28,вс,ТЧЭ,045,Павлодар - Туркестан,Сороковая,21:25,11:42,046,,,,18:38,416,6.93,arrival_only
Арыс,29,пн,ТЧЭ,045,Павлодар - Туркестан,Сороковая,21:25,11:42,046,,,,18:38,416,6.93,arrival_only
Арыс,30,вт,ТЧЭ,045,Павлодар - Туркестан,Сороковая,21:25,11:42,046,,,,18:38,416,6.93,arrival_only
Арыс,31,ср,ТЧЭ,045,Павлодар - Туркестан,Сороковая,21:25,11:42,046,,,,18:38,416,6.93,arrival_only
Арыс,1,,ТЧЭ,045,Павлодар - Туркестан,Сороковая,21:25,11:42,046,,,,18:38,416,6.93,arrival_only
Тобол,14,вс,ТЧЭ,081,Нурлы жол - Орал,Нурлы жол,23:55,06:13,082,Орал - Нурлы жол,Астана-1,15:02,05:24,385,6.42,paired
Арыс,15,пн,ТЧЭ,056,Кокшетау I - Кызылорда,Астана-1,18:30,00:26,055,,,,05:50,324,5.4,arrival_only
Арыс,16,вт,ТЧЭ,056,Кокшетау I - Кызылорда,Астана-1,18:30,00:05,055,,,,05:24,319,5.32,arrival_only
Арыс,17,ср,ТЧЭ,056,Кокшетау I - Кызылорда,Астана-1,18:30,00:05,055,,,,05:24,319,5.32,arrival_only
Арыс,18,чт,ТЧЭ,056,Кокшетау I - Кызылорда,Астана-1,18:30,00:05,055,,,,05:24,319,5.32,arrival_only
Арыс,19,пт,ТЧЭ,056,Кокшетау I - Кызылорда,Астана-1,18:30,00:05,055,,,,05:24,319,5.32,arrival_only
Арыс,20,сб,ТЧЭ,056,Кокшетау I - Кызылорда,Астана-1,18:30,00:05,055,,,,05:24,319,5.32,arrival_only
Арыс,21,вс,ТЧЭ,056,Кокшетау I - Кызылорда,Астана-1,18:30,00:05,055,,,,05:24,319,5.32,arrival_only
Арыс,22,пн,ТЧЭ,056,Кокшетау I - Кызылорда,Астана-1,18:30,00:05,055,,,,05:24,319,5.32,arrival_only
Арыс,23,вт,ТЧЭ,056,Кокшетау I - Кызылорда,Астана-1,18:30,00:05,055,,,,05:24,319,5.32,arrival_only
Арыс,24,ср,ТЧЭ,056,Кокшетау I - Кызылорда,Астана-1,18:30,00:05,055,,,,05:24,319,5.32,arrival_only
Арыс,25,чт,ТЧЭ,056,Кокшетау I - Кызылорда,Астана-1,18:30,00:05,055,,,,05:24,319,5.32,arrival_only
Арыс,26,пт,ТЧЭ,056,Кокшетау I - Кызылорда,Астана-1,18:30,00:05,055,,,,05:24,319,5.32,arrival_only
Арыс,27,сб,ТЧЭ,056,Кокшетау I - Кызылорда,Астана-1,18:30,00:05,055,,,,05:24,319,5.32,arrival_only
Арыс,28,вс,ТЧЭ,056,Кокшетау I - Кызылорда,Астана-1,18:30,00:05,055,,,,05:24,319,5.32,arrival_only
Арыс,29,пн,ТЧЭ,056,Кокшетау I - Кызылорда,Астана-1,18:30,00:05,055,,,,05:24,319,5.32,arrival_only
Арыс,30,вт,ТЧЭ,056,Кокшетау I - Кызылорда,Астана-1,18:30,00:05,055,,,,05:24,319,5.32,arrival_only
Арыс,31,ср,ТЧЭ,056,Кокшетау I - Кызылорда,Астана-1,18:30,00:05,055,,,,05:24,319,5.32,arrival_only
Арыс,1,,ТЧЭ,056,Кокшетау I - Кызылорда,Астана-1,18:30,00:05,055,,,,05:24,319,5.32,arrival_only
Кокшетау,13,сб,ТЧЭ,075,,,,12:09,056,Кокшетау I - Кызылорда,Астана-1,01:28,16:25,256,4.27,departure_only
Кокшетау,14,вс,ТЧЭ,075,,,,12:09,056,Кокшетау I - Кызылорда,Астана-1,01:28,16:25,256,4.27,departure_only
Кокшетау,15,пн,ТЧЭ,075,,,,12:09,056,Кокшетау I - Кызылорда,Астана-1,01:28,16:25,256,4.27,departure_only
Кокшетау,16,вт,ТЧЭ,075,,,,12:09,056,Кокшетау I - Кызылорда,Астана-1,01:28,16:25,256,4.27,departure_only
Кокшетау,17,ср,ТЧЭ,075,,,,12:09,056,Кокшетау I - Кызылорда,Астана-1,01:28,16:25,256,4.27,departure_only
Кокшетау,18,чт,ТЧЭ,075,,,,12:09,056,Кокшетау I - Кызылорда,Астана-1,01:28,16:25,256,4.27,departure_only
Кокшетау,19,пт,ТЧЭ,075,,,,12:09,056,Кокшетау I - Кызылорда,Астана-1,01:28,16:25,256,4.27,departure_only
Кокшетау,20,сб,ТЧЭ,075,,,,12:09,056,Кокшетау I - Кызылорда,Астана-1,01:28,16:25,256,4.27,departure_only
Кокшетау,21,вс,ТЧЭ,075,,,,12:09,056,Кокшетау I - Кызылорда,Астана-1,01:28,16:25,256,4.27,departure_only
Кокшетау,22,пн,ТЧЭ,075,,,,12:09,056,Кокшетау I - Кызылорда,Астана-1,01:28,16:25,256,4.27,departure_only
Кокшетау,23,вт,ТЧЭ,075,,,,12:09,056,Кокшетау I - Кызылорда,Астана-1,01:28,16:25,256,4.27,departure_only
Кокшетау,24,ср,ТЧЭ,075,,,,12:09,056,Кокшетау I - Кызылорда,Астана-1,01:28,16:25,256,4.27,departure_only
Кокшетау,25,чт,ТЧЭ,075,,,,12:09,056,Кокшетау I - Кызылорда,Астана-1,01:28,16:25,256,4.27,departure_only
Кокшетау,26,пт,ТЧЭ,075,,,,12:09,056,Кокшетау I - Кызылорда,Астана-1,01:28,16:25,256,4.27,departure_only
Кокшетау,27,сб,ТЧЭ,075,,,,12:09,056,Кокшетау I - Кызылорда,Астана-1,01:28,16:25,256,4.27,departure_only
Кокшетау,28,вс,ТЧЭ,075,,,,12:09,056,Кокшетау I - Кызылорда,Астана-1,01:28,16:25,256,4.27,departure_only
Кокшетау,29,пн,ТЧЭ,075,,,,12:09,056,Кокшетау I - Кызылорда,Астана-1,01:28,16:25,256,4.27,departure_only
Кокшетау,30,вт,ТЧЭ,075,,,,12:09,056,Кокшетау I - Кызылорда,Астана-1,01:28,16:25,256,4.27,departure_only
Кокшетау,31,ср,ТЧЭ,075,,,,12:09,056,Кокшетау I - Кызылорда,Астана-1,01:28,16:25,256,4.27,departure_only
Алматы,13,сб,ТЧЭ,004,Нурлы жол - Алматы 2,Нурлы жол,20:15,07:45,003,Алматы 2 - Нурлы жол,Сороковая,08:28,10:00,135,2.25,paired
Алматы,15,пн,ТЧЭ,004,Нурлы жол - Алматы 2,Нурлы жол,20:15,07:45,003,Алматы 2 - Нурлы жол,Сороковая,08:28,10:00,135,2.25,paired
Алматы,16,вт,ТЧЭ,004,Нурлы жол - Алматы 2,Нурлы жол,20:15,07:45,003,Алматы 2 - Нурлы жол,Сороковая,08:28,10:00,135,2.25,paired
Алматы,17,ср,ТЧЭ,004,Нурлы жол - Алматы 2,Нурлы жол,20:15,07:45,003,Алматы 2 - Нурлы жол,Сороковая,08:28,10:00,135,2.25,paired
Алматы,18,чт,ТЧЭ,004,Нурлы жол - Алматы 2,Нурлы жол,20:15,07:45,003,Алматы 2 - Нурлы жол,Сороковая,08:28,10:00,135,2.25,paired
Алматы,19,пт,ТЧЭ,004,Нурлы жол - Алматы 2,Нурлы жол,20:15,07:45,003,Алматы 2 - Нурлы жол,Сороковая,08:28,10:00,135,2.25,paired
Алматы,20,сб,ТЧЭ,004,Нурлы жол - Алматы 2,Нурлы жол,20:15,07:45,003,Алматы 2 - Нурлы жол,Сороковая,08:28,10:00,135,2.25,paired
Алматы,21,вс,ТЧЭ,004,Нурлы жол - Алматы 2,Нурлы жол,20:15,07:45,003,Алматы 2 - Нурлы жол,Сороковая,08:28,10:00,135,2.25,paired
Алматы,22,пн,ТЧЭ,004,Нурлы жол - Алматы 2,Нурлы жол,20:15,07:45,003,Алматы 2 - Нурлы жол,Сороковая,08:28,10:00,135,2.25,paired
Алматы,23,вт,ТЧЭ,004,Нурлы жол - Алматы 2,Нурлы жол,20:15,07:45,003,Алматы 2 - Нурлы жол,Сороковая,08:28,10:00,135,2.25,paired
Алматы,24,ср,ТЧЭ,004,Нурлы жол - Алматы 2,Нурлы жол,20:15,07:45,003,Алматы 2 - Нурлы жол,Сороковая,08:28,10:00,135,2.25,paired
Алматы,25,чт,ТЧЭ,004,Нурлы жол - Алматы 2,Нурлы жол,20:15,07:45,003,Алматы 2 - Нурлы жол,Сороковая,08:28,10:00,135,2.25,paired
Алматы,26,пт,ТЧЭ,004,Нурлы жол - Алматы 2,Нурлы жол,20:15,07:45,003,Алматы 2 - Нурлы жол,Сороковая,08:28,10:00,135,2.25,paired
Алматы,27,сб,ТЧЭ,004,Нурлы жол - Алматы 2,Нурлы жол,20:15,07:45,003,Алматы 2 - Нурлы жол,Сороковая,08:28,10:00,135,2.25,paired
Алматы,28,вс,ТЧЭ,004,Нурлы жол - Алматы 2,Нурлы жол,20:15,07:45,003,Алматы 2 - Нурлы жол,Сороковая,08:28,10:00,135,2.25,paired
Алматы,29,пн,ТЧЭ,004,Нурлы жол - Алматы 2,Нурлы жол,20:15,07:45,003,Алматы 2 - Нурлы жол,Сороковая,08:28,10:00,135,2.25,paired
Алматы,30,вт,ТЧЭ,004,Нурлы жол - Алматы 2,Нурлы жол,20:15,07:45,003,Алматы 2 - Нурлы жол,Сороковая,08:28,10:00,135,2.25,paired
Алматы,31,ср,ТЧЭ,004,Нурлы жол - Алматы 2,Нурлы жол,20:15,07:45,003,Алматы 2 - Нурлы жол,Сороковая,08:28,10:00,135,2.25,paired
Костанай,18,чт,ТЧЭ,119,,,,00:30,120,Костанай - Алматы 2,Астана-1,17:07,02:30,120,2,departure_only
Костанай,20,сб,ТЧЭ,119,,,,00:30,120,Костанай - Алматы 2,Астана-1,17:07,02:30,120,2,departure_only
Костанай,22,пн,ТЧЭ,119,,,,00:30,120,Костанай - Алматы 2,Астана-1,17:07,02:30,120,2,departure_only
Костанай,24,ср,ТЧЭ,119,,,,00:30,120,Костанай - Алматы 2,Астана-1,17:07,02:30,120,2,departure_only
Костанай,26,пт,ТЧЭ,119,,,,00:30,120,Костанай - Алматы 2,Астана-1,17:07,02:30,120,2,departure_only
Костанай,28,вс,ТЧЭ,119,,,,00:30,120,Костанай - Алматы 2,Астана-1,17:07,02:30,120,2,departure_only
Костанай,30,вт,ТЧЭ,119,,,,00:30,120,Костанай - Алматы 2,Астана-1,17:07,02:30,120,2,departure_only
Пресногорьковская ,16,вт,ТЧЭ,139,Пресногорьковская - Павлодар,Астана-1,23:16,11:05,140,,,,12:30,85,1.42,arrival_only
Пресногорьковская ,18,чт,ТЧЭ,139,Пресногорьковская - Павлодар,Астана-1,23:16,11:05,140,,,,12:30,85,1.42,arrival_only
Пресногорьковская ,20,сб,ТЧЭ,139,Пресногорьковская - Павлодар,Астана-1,23:16,11:05,140,,,,12:30,85,1.42,arrival_only
Пресногорьковская ,22,пн,ТЧЭ,139,Пресногорьковская - Павлодар,Астана-1,23:16,11:05,140,,,,12:30,85,1.42,arrival_only
Пресногорьковская ,24,ср,ТЧЭ,139,Пресногорьковская - Павлодар,Астана-1,23:16,11:05,140,,,,12:30,85,1.42,arrival_only
Пресногорьковская ,26,пт,ТЧЭ,139,Пресногорьковская - Павлодар,Астана-1,23:16,11:05,140,,,,12:30,85,1.42,arrival_only
Пресногорьковская ,28,вс,ТЧЭ,139,Пресногорьковская - Павлодар,Астана-1,23:16,11:05,140,,,,12:30,85,1.42,arrival_only
Пресногорьковская ,30,вт,ТЧЭ,139,Пресногорьковская - Павлодар,Астана-1,23:16,11:05,140,,,,12:30,85,1.42,arrival_only
Алматы,17,ср,ТЧЭ,120,Костанай - Алматы 2,Астана-1,09:13,06:33,,,,,,,,arrival_only
Алматы,19,пт,ТЧЭ,120,Костанай - Алматы 2,Астана-1,09:13,06:33,,,,,,,,arrival_only
Алматы,21,вс,ТЧЭ,120,Костанай - Алматы 2,Астана-1,09:13,06:33,,,,,,,,arrival_only
Алматы,23,вт,ТЧЭ,120,Костанай - Алматы 2,Астана-1,09:13,06:33,,,,,,,,arrival_only
Алматы,25,чт,ТЧЭ,120,Костанай - Алматы 2,Астана-1,09:13,06:33,,,,,,,,arrival_only
Алматы,27,сб,ТЧЭ,120,Костанай - Алматы 2,Астана-1,09:13,06:33,,,,,,,,arrival_only
Алматы,29,пн,ТЧЭ,120,Костанай - Алматы 2,Астана-1,09:13,06:33,,,,,,,,arrival_only
Алматы,31,ср,ТЧЭ,120,Костанай - Алматы 2,Астана-1,09:13,06:33,,,,,,,,arrival_only
Алматы,17,ср,ТЧЭ,106,Петропавловск - Алматы 2,Астана-1,04:24,22:58,105,,,,23:05,,,arrival_only
Алматы,19,пт,ТЧЭ,106,Петропавловск - Алматы 2,Астана-1,04:24,22:58,,,,,,,,arrival_only
Алматы,25,чт,ТЧЭ,106,Петропавловск - Алматы 2,Астана-1,04:24,22:58,,,,,,,,arrival_only
Алматы,31,ср,ТЧЭ,106,Петропавловск - Алматы 2,Астана-1,04:24,22:58,,,,,,,,arrival_only
Ерейментау ,14,вс,ТЧЭ,660,Айсары - Нурлы жол,Сороковая,05:42,16:41,,,,,,,,arrival_only
Ерейментау ,18,чт,ТЧЭ,660,Айсары - Нурлы жол,Сороковая,05:42,16:41,,,,,,,,arrival_only
Ерейментау ,22,пн,ТЧЭ,660,Айсары - Нурлы жол,Сороковая,05:42,16:41,,,,,,,,arrival_only
Ерейментау ,26,пт,ТЧЭ,660,Айсары - Нурлы жол,Сороковая,05:42,16:41,,,,,,,,arrival_only
Ерейментау ,30,вт,ТЧЭ,660,Айсары - Нурлы жол,Сороковая,05:42,16:41,,,,,,,,arrival_only
Жана-Есиль,15,пн,ТЧЭ,057,Орал - Нурлы жол,Астана-1,10:26,04:17,,,,,17:52,,,arrival_only
Жана-Есиль,17,ср,ТЧЭ,057,Орал - Нурлы жол,Астана-1,10:26,04:17,,,,,17:52,,,arrival_only
Жана-Есиль,19,пт,ТЧЭ,057,Орал - Нурлы жол,Астана-1,10:26,04:17,,,,,17:52,,,arrival_only
Жана-Есиль,21,вс,ТЧЭ,057,Орал - Нурлы жол,Астана-1,10:26,04:17,,,,,17:52,,,arrival_only
Жана-Есиль,23,вт,ТЧЭ,057,Орал - Нурлы жол,Астана-1,10:26,04:17,,,,,17:52,,,arrival_only
Жана-Есиль,25,чт,ТЧЭ,057,Орал - Нурлы жол,Астана-1,10:26,04:17,,,,,17:52,,,arrival_only
Жана-Есиль,27,сб,ТЧЭ,057,Орал - Нурлы жол,Астана-1,10:26,04:17,,,,,17:52,,,arrival_only
Жана-Есиль,29,пн,ТЧЭ,057,Орал - Нурлы жол,Астана-1,10:26,04:17,,,,,17:52,,,arrival_only
Жана-Есиль,31,ср,ТЧЭ,057,Орал - Нурлы жол,Астана-1,10:26,04:17,,,,,17:52,,,arrival_only
Жана-Есиль,14,вс,ТЧЭ,047,Атырау - Нурлы жол,Астана-1,10:26,04:25,,,,,,,,arrival_only
Жана-Есиль,16,вт,ТЧЭ,047,Атырау - Нурлы жол,Астана-1,10:26,04:27,,,,,17:52,,,arrival_only
Жана-Есиль,18,чт,ТЧЭ,047,Атырау - Нурлы жол,Астана-1,10:26,04:27,,,,,17:52,,,arrival_only
Жана-Есиль,20,сб,ТЧЭ,047,Атырау - Нурлы жол,Астана-1,10:26,04:27,,,,,17:52,,,arrival_only
Жана-Есиль,22,пн,ТЧЭ,047,Атырау - Нурлы жол,Астана-1,10:26,04:27,,,,,17:52,,,arrival_only
Жана-Есиль,24,ср,ТЧЭ,047,Атырау - Нурлы жол,Астана-1,10:26,04:27,,,,,17:52,,,arrival_only
Жана-Есиль,26,пт,ТЧЭ,047,Атырау - Нурлы жол,Астана-1,10:26,04:27,,,,,17:52,,,arrival_only
Жана-Есиль,28,вс,ТЧЭ,047,Атырау - Нурлы жол,Астана-1,10:26,04:27,,,,,17:52,,,arrival_only
Жана-Есиль,30,вт,ТЧЭ,047,Атырау - Нурлы жол,Астана-1,10:26,04:27,,,,,17:52,,,arrival_only
Жана-Есиль,1,вс,ТЧЭ,047,Атырау - Нурлы жол,Астана-1,10:26,04:27,,,,,17:52,,,arrival_only
Павлодар,14,вс,ТЧЭ,118,Павлодар - Кызылорда,Сороковая,15:30,12:47,,,,,,,,arrival_only
Павлодар,16,вт,ТЧЭ,118,Павлодар - Кызылорда,Сороковая,15:30,12:47,,,,,,,,arrival_only
Павлодар,18,чт,ТЧЭ,118,Павлодар - Кызылорда,Сороковая,15:30,12:47,,,,,,,,arrival_only
Павлодар,20,сб,ТЧЭ,118,Павлодар - Кызылорда,Сороковая,15:30,12:47,,,,,,,,arrival_only
Павлодар,22,пн,ТЧЭ,118,Павлодар - Кызылорда,Сороковая,15:30,12:47,,,,,,,,arrival_only
Павлодар,24,ср,ТЧЭ,118,Павлодар - Кызылорда,Сороковая,15:30,12:47,,,,,,,,arrival_only
Павлодар,26,пт,ТЧЭ,118,Павлодар - Кызылорда,Сороковая,15:30,12:47,,,,,,,,arrival_only
Павлодар,28,вс,ТЧЭ,118,Павлодар - Кызылорда,Сороковая,15:30,12:47,,,,,,,,arrival_only
Павлодар,30,вт,ТЧЭ,118,Павлодар - Кызылорда,Сороковая,15:30,12:47,,,,,,,,arrival_only
Тобол,16,вт,ТЧЭ,081,Нурлы жол - Орал,Нурлы жол,23:55,09:57,082,Орал - Нурлы жол,Астана-1,15:02,05:24,,,paired
Тобол,12,пт,ТЧЭ,037,Мангистау - Семей,Астана-1,11:12,21:47,,,,,,,,arrival_only
Тобол,15,пн,ТЧЭ,037,Мангистау - Семей,Астана-1,11:12,21:47,,,,,,,,arrival_only
Тобол,19,пт,ТЧЭ,037,Мангистау - Семей,Астана-1,11:12,21:47,,,,,,,,arrival_only
Тобол,23,вт,ТЧЭ,037,Мангистау - Семей,Астана-1,11:12,21:47,,,,,,,,arrival_only
Тобол,27,сб,ТЧЭ,037,Мангистау - Семей,Астана-1,11:12,21:47,,,,,,,,arrival_only
